Workbook

Sheet Catálogo Completo
A1: Item # | B1: Scale | C1: Category | D1: Subcategory | E1: Product / Line | F1: Abbreviation | G1: Length (mm) | H1: Length (in) | I1: Radius (mm) | J1: Angle (°) | K1: Qty per Pack | L1: Color / Variant | M1: Price USD | N1: Functionality / Description | O1: PDF Page
A2: 106-0018 | B2: N | C2: Starter Set | D2: Passenger | E2: Santa Fe Super Chief N Scale Starter Set | K2: 1 set | M2: 330 | N2: Complete N-scale starter set: Santa Fe Super Chief locomotive + passenger consist + full oval of Unitrack + Power Pack SX. Layout 1337×677 mm. | O2: 5
A3: 106-0031 | B3: N | C3: Starter Set | D3: Passenger | E3: MP36PH + Bi-Level Chicago Metra | K3: 1 set | M3: 330 | N3: MP36PH commuter locomotive with Bi-Level Metra cars, full Unitrack oval + Power Pack SX. | O3: 5
A4: 106-0032 | B4: N | C4: Starter Set | D4: Passenger | E4: F40PH + Bi-Level Chicago Metra Starter Set | K4: 1 set | M4: 310 | N4: F40PH commuter loco + Bi-Level Metra cars, complete loop + Power Pack. | O4: 5
A5: 106-0037 | B5: N | C5: Starter Set | D5: Passenger | E5: F40PH Gallery Bi-Level Car Starter Set - New Metra Paint | K5: 1 set | M5: 350 | N5: F40PH + Bi-Level gallery cars in new Metra paint, complete loop + Power Pack. | O5: 5
A6: 106-0041 | B6: N | C6: Starter Set | D6: Passenger | E6: Silver Streak Zephyr Starter Set | K6: 1 set | M6: 350 | N6: Silver Streak Zephyr passenger set with Unitrack oval + Power Pack. | O6: 5
A7: 106-0047 | B7: N | C7: Starter Set | D7: Passenger | E7: ALC-42 Phase VII, Amtrak Viewliner II Starter Set | F7: ALC-42 | K7: 1 set | M7: 360 | N7: Amtrak ALC-42 loco + Viewliner II cars, full Unitrack oval + Power Pack. | O7: 5
A8: 106-0048 | B8: N | C8: Starter Set | D8: Passenger | E8: SC-44, Amtrak Pacific Surfliner Starter Set | F8: SC-44 | K8: 1 set | M8: 330 | N8: SC-44 Charger + Pacific Surfliner consist, full Unitrack oval + Power Pack. | O8: 5
A9: 106-0049 | B9: N | C9: Starter Set | D9: Freight | E9: F7A Freight Train Starter Set AT&SF | F9: F7A | K9: 1 set | L9: AT&SF | M9: 350 | N9: F7A loco with AT&SF Warbonnet freight consist, full loop + Power Pack. | O9: 5
A10: 106-0050 | B10: N | C10: Starter Set | D10: Freight | E10: F7A Freight Train Starter Set Union Pacific | F10: F7A | K10: 1 set | L10: UP | M10: 350 | N10: F7A loco with Union Pacific freight consist, full loop + Power Pack. | O10: 5
A11: 106-0051 | B11: N | C11: Starter Set | D11: Freight | E11: F7A Freight Train Starter Set AT&SF Bluebonnet | F11: F7A | K11: 1 set | L11: AT&SF Bluebonnet | M11: 350 | N11: F7A loco in AT&SF Bluebonnet scheme + freight cars, full loop + Power Pack. | O11: 5
A12: 106-0020 | B12: N | C12: Starter Set | D12: Freight | E12: ES44AC Mixed Freight Starter Set - Canadian National | F12: ES44AC | K12: 1 set | L12: CN | M12: 290 | N12: GE ES44AC + mixed freight cars (hoppers, gondolas, tank cars), full Unitrack oval + Power Pack. | O12: 5
A13: 106-0021 | B13: N | C13: Starter Set | D13: Freight | E13: ES40DC Mixed Freight Starter Set - CSX Boxcar | F13: ES40DC | K13: 1 set | L13: CSX | M13: 290 | N13: GE ES40DC + CSX mixed freight, full Unitrack oval + Power Pack. | O13: 5
A14: 106-0022 | B14: N | C14: Starter Set | D14: Freight | E14: ES44AC Mixed Freight Starter Set - Canadian Pacific | F14: ES44AC | K14: 1 set | L14: CP | M14: 290 | N14: GE ES44AC + CP mixed freight, full Unitrack oval + Power Pack. | O14: 5
A15: 106-0023 | B15: N | C15: Starter Set | D15: Freight | E15: ES44AC Mixed Freight Starter Set - Union Pacific | F15: ES44AC | K15: 1 set | L15: UP | M15: 290 | N15: GE ES44AC + UP mixed freight, full Unitrack oval + Power Pack. | O15: 5
A16: 106-0024 | B16: N | C16: Starter Set | D16: Freight | E16: ES44AC Mixed Freight Starter Set - BNSF Swoosh | F16: ES44AC | K16: 1 set | L16: BNSF Swoosh | M16: 290 | N16: GE ES44AC + BNSF Swoosh mixed freight, full Unitrack oval + Power Pack. | O16: 5
A17: 106-0026 | B17: N | C17: Starter Set | D17: Freight | E17: N GE ES44 Mixed Freight Starter Set - Florida East Coast | F17: ES44 | K17: 1 set | L17: FEC | M17: 290 | N17: GE ES44 + FEC mixed freight, full Unitrack oval + Power Pack. | O17: 5
A18: 106-0027 | B18: N | C18: Starter Set | D18: Freight | E18: ES44AC Mixed Freight Starter Set - CPKC | F18: ES44AC | K18: 1 set | L18: CPKC | M18: 290 | N18: GE ES44AC + CPKC mixed freight, full Unitrack oval + Power Pack. | O18: 5
A19: 20-852 | B19: N | C19: Master Set | D19: Track Set | E19: M1 Basic Oval Track Set | F19: M1 | K19: 1 set | M19: 120 | N19: Master oval-track set (no train): 4× S248, 1× S124, 1× Road Crossing 124, 1× S62, 1× Feeder S62, 8× R315-45° curves, Power Pack SX, AC adapter, cables, rerailer. Layout 1337×677 mm. | O19: 5
A20: 20-853 | B20: N | C20: Master Set | D20: Track Set | E20: M2 Basic Oval Track and Passing Track Set | F20: M2 | K20: 1 set | M20: 220 | N20: M1 contents + V1 passing siding set: adds 6× S248, 2× S64, 2× R718-15°, 1× EP718-15L #6 left turnout, 1× EP718-15R right turnout, 2× turnout switches. Layout 2019×751 mm. | O20: 5
A21: 20-860 | B21: N | C21: V-Series Set | D21: Expansion | E21: V1 Mainline Passing Siding Set | F21: V1 | K21: 1 set | M21: 100 | N21: Add a station and enjoy trains passing/switching: 6× S248, 2× S64, 2× R718-15°, 1× EP718-15L, 1× EP718-15R, 2× turnout switches. 1364×91 mm. | O21: 6
A22: 20-861 | B22: N | C22: V-Series Set | D22: Expansion | E22: V2 Single Track Viaduct Set | F22: V2 | K22: 1 set | M22: 120 | N22: Bridge for overhead crossing: 4× S248, 4× S248V, 2× S124V, 8× R315-45V, 1× S248T (truss bridge), Incline Pier Set, 4× Pier #5. 1655×911 mm. | O22: 6
A23: 20-862 | B23: N | C23: V-Series Set | D23: Expansion | E23: V3 Rail Yard Switching Track Set | F23: V3 | K23: 1 set | M23: 145 | N23: Sidetrack rail yard set: 6× S248, 2× S186, 2× S64, 3× S62B-A (bumper A), 3× R718-15°, 2× EP718-15L, 1× EP718-15R, 3× turnout switches. 1571×250 mm. | O23: 6
A24: 20-863 | B24: N | C24: V-Series Set | D24: Expansion | E24: V4 Switching Siding Set | F24: V4 | K24: 1 set | M24: 120 | N24: Station / signal-tower where trains pass: 4× S248, 2× S62, 2× R481-15°, 1× EP481-15L, 1× EP481-15R, 2× S60L, 2× S60R, 2× turnout switches. 992×58 mm. | O24: 6
A25: 20-864 | B25: N | C25: V-Series Set | D25: Expansion | E25: V5 Inner Oval Track Set for Starter/M1 Set | F25: V5 | K25: 1 set | M25: 60 | N25: Inner oval for Starter or M1 (no Power Pack): 4× S248, 1× S124, 1× S124C, 1× S62, 1× S62F (feeder), 8× R282-45°, rerailer, feeder cable. 1271×611 mm. | O25: 6
A26: 20-865 | B26: N | C26: V-Series Set | D26: Expansion | E26: V6 Outer Oval Track Set for Starter/M1 Set | F26: V6 | K26: 1 set | M26: 60 | N26: Outer oval for Starter or M1 (no Power Pack): 4× S248, 1× S124, 1× S124C, 1× S62, 1× S62F, 8× R348-45°, rerailer, feeder cable. 1403×743 mm. | O26: 6
A27: 20-866 | B27: N | C27: V-Series Set | D27: Expansion | E27: V7 Double Crossover Track Set | F27: V7 | K27: 1 set | M27: 90 | N27: Turnouts + diamond crossover to change trains between two tracks either direction: 1× W×310, 2× S248, 2× S62, 1× turnout switch. 310×58 mm. | O27: 6
A28: 20-870 | B28: N | C28: V-Series Set | D28: Double Track | E28: V11 Double Track Set R414/381 | F28: V11 | K28: 1 set | M28: 185 | N28: Two trains through banked, superelevated curves: 7× WS248PC, 1× WS124PC, 1× WS62PC, 1× WS62FPC, 8× WR414/381-45PC, 4× WR414/381-22.5PCAL, 4× WR414/381-22.5PCAR. 2335×1261 mm. | O28: 6
A29: 20-871 | B29: N | C29: V-Series Set | D29: Double Track Viaduct | E29: V12 Double Track Viaduct Set R414/381 | F29: V12 | K29: 1 set | M29: 225 | N29: Take double track ground→viaduct via piers + superelevated curves; includes double-track truss bridge. WS186PC×2, WS124PC×2, WS62PC×1, WS248VPC×6, WS186VPC×1, WS124VPC×2, WS248T×1, WR414/381-22.5VPC×4, WR414/381-22.5VPCAL×2, WR414/381-22.5VPCAR×2, WS186PCINC×2, Double Track Pier Set, Piers for Double Track Viaducts×3, Piers for Truss Bridge×2. | O29: 7
A30: 20-872 | B30: N | C30: V-Series Set | D30: Double Track Viaduct | E30: V13 Double Track Elevated Loop Set R414/381 | F30: V13 | K30: 1 set | M30: 240 | N30: Run trains around an elevated loop: 8× WS248VS, 6× WR414/381-45VS, 6× WR414/381-22.5VSAL, 2× WR414/381-22.5VSAR, 18× Double Track Pier, 2× Double Track Viaduct Power Cord. 1864×872 mm. | O30: 7
... A34: 20-877 | B34: N | C34: V-Series Set | D34: Slab Track | E34: V17 Concrete Slab Double Track Oval Set R414/381 | F34: V17 | K34: 1 set | M34: 90 | N34: Concrete-slab loop for urban subway scenes: 4× WS248S, 1× WS124S, 1× WS62S, 1× WS62FS, 6× WR414/381-45S, 2× WR414/381SAL, 2× WR414/381SAR. 1473×753 mm. | O34: 7
A35: 20-000 | B35: N | C35: Straight Track | D35: Single | E35: N Straight Track 248mm | F35: S248 | G35: 248 | H35: 9 3/4" | K35: 4 pcs | M35: 12 | N35: Standard 248 mm straight track — the base length of the Unitrack straight system. Black wooden ties. | O35: 10
A36: 20-007 | B36: N | C36: Straight Track | D36: Concrete-Tie | E36: N Concrete Tie Straight Track 248mm | F36: S248PC | G36: 248 | H36: 9 3/4" | K36: 4 pcs | M36: 12.5 | N36: 248 mm straight with modern concrete ties for high-speed/modern scenes. | O36: 10
A37: 20-010 | B37: N | C37: Straight Track | D37: Single | E37: N Straight Track 186mm | F37: S186 | G37: 186 | H37: 7 5/16" | K37: 4 pcs | M37: 10 | N37: 186 mm straight track = 3/4 of S248 length. | O37: 10
A38: 20-020 | B38: N | C38: Straight Track | D38: Single | E38: N Straight Track 124mm | F38: S124 | G38: 124 | H38: 4 7/8" | K38: 4 pcs | M38: 9.5 | N38: 124 mm straight track = 1/2 of S248 length. | O38: 10
A39: 20-028 | B39: N | C39: Straight Track | D39: Concrete-Tie | E39: N Concrete Tie Straight Track 124mm | F39: S124PC | G39: 124 | H39: 4 7/8" | K39: 4 pcs | M39: 11 | N39: 124 mm straight with concrete ties. | O39: 10
A40: 20-026 | B40: N | C40: Straight Track | D40: Re-Railer | E40: N Re-Railer Track 124mm | F40: S124RE | G40: 124 | H40: 4 7/8" | K40: 2 pcs | M40: 7 | N40: Re-railer disguised as road crossing — slides derailed cars back onto rails. | O40: 10
A41: 20-027-1 | B41: N | C41: Straight Track | D41: Crossing/Re-Railer | E41: N Crossing Gate & Re-Railer Track 124mm | G41: 124 | H41: 4 7/8" | K41: 1 pc | M41: 18 | N41: Functional grade-crossing gate combined with re-railer. | O41: 10
A42: 20-400 | B42: N | C42: Viaduct Straight | D42: Viaduct | E42: N Single Track Viaduct Straight Track 248mm | F42: S248V | G42: 248 | H42: 9 3/4" | K42: 2 pcs | M42: 13.5 | N42: Elevated straight viaduct track 248 mm; uses S-Joiner with pier products. | O42: 10
A43: 20-410 | B43: N | C43: Viaduct Straight | D43: Viaduct | E43: N Single Track Viaduct Straight Track 186mm | F43: S186V | G43: 186 | H43: 7 5/16" | K43: 2 pcs | M43: 13 | N43: Elevated straight viaduct track 186 mm. | O43: 10
A44: 20-420 | B44: N | C44: Viaduct Straight | D44: Viaduct | E44: N Single Track Viaduct Straight Track 124mm | F44: S124V | G44: 124 | H44: 4 7/8" | K44: 2 pcs | M44: 12.5 | N44: Elevated straight viaduct track 124 mm. | O44: 10
A45: 20-429 | B45: N | C45: Bridge | D45: Truss | E45: N Single Truss Bridge 248mm Reddish Brown | F45: S248T | G45: 248 | H45: 9 3/4" | K45: 1 pc | L45: Reddish Brown | M45: 15 | N45: Truss bridge 248 mm. Insert single viaduct (S62V or S124V) each side when connecting to curved viaduct. | O45: 10
A46: 20-430 | B46: N | C46: Bridge | D46: Truss | E46: N Single Truss Bridge 248mm Red | F46: S248T | G46: 248 | H46: 9 3/4" | K46: 1 pc | L46: Red | M46: 14 | N46: Truss bridge 248 mm, red. | O46: 10
A47: 20-431 | B47: N | C47: Bridge | D47: Truss | E47: N Single Truss Bridge 248mm Green | F47: S248T | G47: 248 | H47: 9 3/4" | K47: 1 pc | L47: Green | M47: 14 | N47: Truss bridge 248 mm, green. | O47: 10
A48: 20-432 | B48: N | C48: Bridge | D48: Truss | E48: N Single Truss Bridge 248mm Gray | F48: S248T | G48: 248 | H48: 9 3/4" | K48: 1 pc | L48: Gray | M48: 14 | N48: Truss bridge 248 mm, gray. | O48: 10
A49: 20-433 | B49: N | C49: Bridge | D49: Truss | E49: N Single Truss Bridge 248mm Silver | F49: S248T | G49: 248 | H49: 9 3/4" | K49: 1 pc | L49: Silver | M49: 14 | N49: Truss bridge 248 mm, silver. | O49: 10
A50: 20-434 | B50: N | C50: Bridge | D50: Truss | E50: N Single Truss Bridge 248mm Black | F50: S248T | G50: 248 | H50: 9 3/4" | K50: 1 pc | L50: Black | M50: 14 | N50: Truss bridge 248 mm, black. | O50: 10
A51: 20-450 | B51: N | C51: Bridge | D51: Plate Girder | E51: N Single Plate Girder Bridge 186mm Red | G51: 186 | H51: 7 5/16" | K51: 1 pc | L51: Red | M51: 13.5 | N51: Plate-girder bridge 186 mm, red. | O51: 10
A52: 20-451 | B52: N | C52: Bridge | D52: Plate Girder | E52: N Single Plate Girder Bridge 186mm Green | G52: 186 | H52: 7 5/16" | K52: 1 pc | L52: Green | M52: 13.5 | N52: Plate-girder bridge 186 mm, green. | O52: 10
A53: 20-452 | B53: N | C53: Bridge | D53: Plate Girder | E53: N Single Plate Girder Bridge 186mm Gray | G53: 186 | H53: 7 5/16" | K53: 1 pc | L53: Gray | M53: 13.5 | N53: Plate-girder bridge 186 mm, gray. | O53: 10
A54: 20-453 | B54: N | C54: Bridge | D54: Plate Girder | E54: N Single Plate Girder Bridge 186mm Silver | G54: 186 | H54: 7 5/16" | K54: 1 pc | L54: Silver | M54: 13.5 | N54: Plate-girder bridge 186 mm, silver. | O54: 10
A55: 20-454 | B55: N | C55: Bridge | D55: Plate Girder | E55: N Single Plate Girder Bridge 186mm Black | G55: 186 | H55: 7 5/16" | K55: 1 pc | L55: Black | M55: 13.5 | N55: Plate-girder bridge 186 mm, black. | O55: 10
A56: 20-460 | B56: N | C56: Bridge | D56: Deck Girder | E56: N Deck Girder Bridge 124mm Red | G56: 124 | H56: 4 7/8" | K56: 1 pc | L56: Red | M56: 12 | N56: Deck girder bridge 124 mm, red. | O56: 11
A57: 20-461 | B57: N | C57: Bridge | D57: Deck Girder | E57: N Deck Girder Bridge 124mm Green | G57: 124 | H57: 4 7/8" | K57: 1 pc | L57: Green | M57: 12 | N57: Deck girder bridge 124 mm, green. | O57: 11
A58: 20-462 | B58: N | C58: Bridge | D58: Deck Girder | E58: N Deck Girder Bridge 124mm Gray | G58: 124 | H58: 4 7/8" | K58: 1 pc | L58: Gray | M58: 12 | N58: Deck girder bridge 124 mm, gray. | O58: 11
A59: 20-464 | B59: N | C59: Bridge | D59: Deck Girder | E59: N Deck Girder Bridge 124mm Black | G59: 124 | H59: 4 7/8" | K59: 1 pc | L59: Black | M59: 12 | N59: Deck girder bridge 124 mm, black. | O59: 11
A60: 20-015 | B60: N | C60: Specialty Track | D60: Pit | E60: N Ashpit Track 186mm | G60: 186 | H60: 7 5/16" | K60: 2 pcs | M60: 7 | N60: Ashpit track 186 mm — for steam-loco service scenes. | O60: 11
A61: 20-016 | B61: N | C61: Specialty Track | D61: Pit | E61: N Open Pit Track 186mm | G61: 186 | H61: 7 5/16" | K61: 4 pcs | M61: 18 | N61: Open inspection-pit track 186 mm for engine-house scenes. | O61: 11
A62: 20-606-1 | B62: N | C62: Signal | D62: Automatic | E62: N 3-Color Automatic Signal USA 124mm | G62: 124 | H62: 4 7/8" | K62: 1 pc | M62: 75 | N62: 3-color (red/yellow/green) automatic signal triggered by train flange contact — requires Automatic Signal Power Supply 24-844. | O62: 11
A63: 20-421 | B63: N | C63: Viaduct Straight | D63: Signal Viaduct | E63: N Single Viaduct for Signal 124mm | G63: 124 | H63: 4 7/8" | K63: 1 pc | M63: 2.5 | N63: Special viaduct with cut-out for signal wire pass-through. | O63: 11
A64: 20-030 | B64: N | C64: Straight Track | D64: Short | E64: N Straight Track 64mm | F64: S64 | G64: 64 | H64: 2 1/2" | K64: 2 pcs | M64: 5.5 | N64: 64 mm straight track — 67.5° angle equivalent for diagonal alignment. | O64: 11
A65: 20-032 | B65: N | C65: Specialty Track | D65: Uncoupler | E65: N Mag. Uncoupler Track 64mm | G65: 64 | H65: 2 1/2" | K65: 1 pc | M65: 7.5 | N65: Magnetic uncoupler 64 mm — Magne-Matic compatible. | O65: 11
A66: 20-040 | B66: N | C66: Straight Track | D66: Short | E66: N Straight Track 62mm | F66: S62 | G66: 62 | H66: 2 7/16" | K66: 4 pcs | M66: 9 | N66: 62 mm straight track = 1/4 of S248. | O66: 11
A67: 20-041 | B67: N | C67: Feeder Track | D67: Feeder | E67: N Feeder Track 62mm | F67: S62F | G67: 62 | H67: 2 7/16" | K67: 1 pc | M67: 7 | N67: 62 mm feeder track — supplies power from Power Pack to rails. Cable 2'9-15/32". | O67: 11
A68: 20-054 | B68: N | C68: Straight Track | D68: Concrete-Tie | E68: N Concrete Tie Straight Track 62mm | G68: 62 | H68: 2 7/16" | K68: 4 pcs | M68: 10.5 | N68: 62 mm straight, concrete ties. | O68: 11
A69: 20-055 | B69: N | C69: Feeder Track | D69: Concrete-Tie Feeder | E69: N Concrete Tie Feeder Track 62mm | G69: 62 | H69: 2 7/16" | K69: 1 pc | M69: 7 | N69: 62 mm concrete-tie feeder. | O69: 11
A70: 20-045 | B70: N | C70: Specialty Track | D70: Conversion | E70: N Snap-Track Conversion Track 62mm | G70: 62 | H70: 2 1/2" | K70: 2 pcs | M70: 5.5 | N70: Adapter to connect Unitrack to other-brand snap track. | O70: 11
A71: 20-440 | B71: N | C71: Viaduct Straight | D71: Viaduct | E71: N Single Track Straight Viaduct Track 62mm | F71: S62V | G71: 62 | H71: 2 1/2" | K71: 2 pcs | M71: 12.5 | N71: 62 mm viaduct straight track. | O71: 11
A72: 20-050 | B72: N | C72: Adjustment Track | D72: Expansion | E72: N Expansion Track 78-108mm | H72: 3 to 4 1/4" | K72: 1 pc | M72: 8.25 | N72: Variable-length 78-108 mm track for closing odd gaps. | O72: 11
A73: 20-091 | B73: N | C73: Adjustment Track | D73: Assortment | E73: N Track Assortment 29mm + 45.5mm | H73: 1 1/8" / 1 3/4" | K73: 8 pcs 29mm + 2 pcs 45.5mm | M73: 18 | N73: Assortment of short adjustment tracks: 8× 29 mm (1 1/8") + 2× 45.5 mm (1 13/16"). | O73: 11
A74: 20-092 | B74: N | C74: Adjustment Track | D74: Assortment B | E74: N Adjustment Track Set B: 33mm + 38mm | H74: 1 5/16" / 1 1/2" | K74: 4 pcs each | M74: 18 | N74: Adjustment Set B: 4× 33 mm + 4× 38 mm. | O74: 11
A75: 20-046 | B75: N | C75: Bumper Track | D75: Type A | E75: N Bumper Type A 62mm | G75: 62 | H75: 2 1/2" | K75: 2 pcs | M75: 9 | N75: Bumper Track A — concrete block style, 62 mm. | O75: 12
A76: 20-047 | B76: N | C76: Bumper Track | D76: Type B | E76: N Bumper Type B 62mm | G76: 62 | H76: 2 7/16" | K76: 2 pcs | M76: 9 | N76: Bumper Track B — ballast style, 62 mm. | O76: 12
A77: 20-048 | B77: N | C77: Bumper Track | D77: Type C | E77: N Bumper Type C 50.5mm | G77: 50.5 | H77: 2" | K77: 2 pcs | M77: 8.25 | N77: Bumper Track C — frame style, 50.5 mm; combine with 45 mm assortment piece to match length of A/B. | O77: 12
A78: 20-060 | B78: N | C78: Bumper Track | D78: Type D | E78: N Bumper Type D 35mm | G78: 35 | H78: 1 3/8" | K78: 2 pcs | M78: 9.5 | N78: Bumper Track D — bent-rail style, 35 mm. | O78: 12
A79: 20-063 | B79: N | C79: Bumper Track | D79: Illuminated A | E79: N Illuminated Bumper Track Type A 66mm | G79: 66 | H79: 2 5/8" | K79: 1 pc | M79: 13 | N79: Illuminated bumper A — lights turn on when track is powered. | O79: 12
A80: 20-064 | B80: N | C80: Bumper Track | D80: Illuminated B | E80: N Illuminated Bumper Track Type B 66mm | G80: 66 | H80: 2 5/8" | K80: 1 pc | M80: 13 | N80: Illuminated bumper B — lights when powered. | O80: 12
A81: 20-652-1 | B81: N | C81: Crossing | D81: Automatic | E81: N North American Style Automatic Crossing Gate 124mm | G81: 124 | H81: 4 7/8" | K81: 1 set | M81: 220 | N81: Fully automated crossing with blinking lights, sound (4 selectable types, adjustable volume), gate motion. Infrared sensor works even when track is unpowered. DCC-friendly. Includes crossing + 2 sensor tracks (62 mm total) + AC adapter. | O81: 12
A82: 20-653 | B82: N | C82: Crossing | D82: Double Track Add-on | E82: N Double Track Attachment Set for Automatic Crossing Gate | G82: 124 | H82: 4 7/8" | K82: 1 pc | M82: 78 | N82: Expand automatic crossing up to 3 double tracks (6 tracks). Includes crossing × 1 + sensor tracks × 2, 33 × 124 mm. | O82: 12
A83: 20-654 | B83: N | C83: Crossing | D83: Cable | E83: Sensor Track Extension Cable [1 yd] for 20-652-1 | K83: 1 pc | M83: 9.5 | N83: Extension cable for the crossing-gate sensor track. | O83: 12
A84: 23-015 | B84: N | C84: Pier | D84: Pier Set | E84: N Pier Set No 1 - No 5 (2 each) | K84: 10 pcs | M84: 13 | N84: 2 each of piers #1-#5 for graduated inclines. | O84: 13
A85: 23-016 | B85: N | C85: Pier | D85: Gradual Incline | E85: N Gradual Incline Pier Set | K85: 1 set | M85: 11 | N85: Piers for gradual inclines, combined with Pier Basic Set. | O85: 13
A86: 23-017 | B86: N | C86: Pier | D86: Standard | E86: N Pier w/ S-Joiner & S-Clip 50mm | G86: 50 | H86: 2" | K86: 5 pcs | M86: 8 | N86: Standard-height piers (50 mm / 2") for viaduct sections. | O86: 13
A87: 23-047 | B87: N | C87: Pier | D87: Bridge Pier #5 | E87: Single Track Bridge Pier #5 50mm | G87: 50 | H87: 2" | K87: 5 pcs | M87: 13 | N87: Oval-shaped bridge piers for rivers/streams. Made for Single Deck Girder Bridge but works with others. | O87: 13
A88: 23-068 | B88: N | C88: Pier | D88: Raising Kit | E88: N Pier Raising Kit with Trapezoid Shape | K88: 5 pairs | M88: 13 | N88: 3-component raising piers (upper/lower expansion + pedestal). Adds 90 mm / 110 mm height to Pier #5. | O88: 13
A89: 23-069 | B89: N | C89: Pier | D89: Raising Kit (50mm) | E89: N Pier Raising Kit with Trapezoid Shape 50mm | G89: 50 | H89: 2" | K89: 5 pcs | M89: 13 | N89: Trapezoid raising piers fitted to Single Deck Girder Bridge — 5 inspection-deck parts + 5 catenary pedestals. | O89: 13
A90: 24-817 | B90: N | C90: Joiner | D90: S-Joiner | E90: N S-Joiner | K90: 20 pcs | M90: 5.5 | N90: S-Joiner for bridges, piers, viaducts — secure connection at bridge ends. | O90: 13
A91: 24-844 | B91: Acc | C91: Power | D91: Signal Power Supply | E91: Automatic Signal Power Supply | K91: 1 set | M91: 23.5 | N91: Power supply for up to 3 automatic signals via color-matched connectors. | O91: 13
A92: 24-845 | B92: Acc | C92: Power | D92: Signal Extension | E92: Signal Extension Cord 1yd | K92: 1 pc | M92: 3.25 | N92: 90 cm extension for the signal/power-supply cable. | O92: 13
A93: 24-829BK | B93: Acc | C93: Power | D93: Accessory Adapter | E93: Accessory Adapter for Power Pack Black 22-014 | K93: 1 pc | L93: Black | M93: 8 | N93: Adapter to draw power for automatic signal from side terminal of Power Pack. | O93: 13
A94: 20-176 | B94: N | C94: Curved Track | D94: Compact | E94: N Compact Curve Track R117mm 45° | F94: R117-45 | I94: 117 | J94: 45 | K94: 4 pcs | M94: 11 | N94: UNITRACK Compact ultra-tight curve R117 mm 45°. ONLY for UNITRAM Pocket Line and similar small-motor trains. | O94: 15
A95: 20-174 | B95: N | C95: Curved Track | D95: Compact | E95: N Compact Curve Track R150mm 45° | F95: R150-45 | I95: 150 | J95: 45 | K95: 4 pcs | M95: 11 | N95: UNITRACK Compact curve R150 mm 45°. Compact-compatible trains only. | O95: 15
A96: 20-172 | B96: N | C96: Curved Track | D96: Compact | E96: N Compact Curve Track R183mm 45° | F96: R183-45 | I96: 183 | J96: 45 | K96: 4 pcs | M96: 11 | N96: UNITRACK Compact curve R183 mm 45°. | O96: 15
A97: 20-170 | B97: N | C97: Curved Track | D97: Standard | E97: N Curved Track R216mm 45° | F97: R216-45 | I97: 216 | J97: 45 | K97: 4 pcs | M97: 10 | N97: Curve R216 mm 45°. Smallest standard curve. | O97: 15
A98: 20-171 | B98: N | C98: Curved Track | D98: Standard | E98: N Curved Track R216mm 15° | F98: R216-15 | I98: 216 | J98: 15 | K98: 4 pcs | M98: 9.5 | N98: Curve R216 mm 15°. | O98: 15
A99: 20-100 | B99: N | C99: Curved Track | D99: Standard | E99: N Curved Track R249mm 45° | F99: R249-45 | I99: 249 | J99: 45 | K99: 4 pcs | M99: 10 | N99: Curve R249 mm 45°. Two of these parallel = double-track span adjustable 33-49.5 mm. | O99: 15
A100: 20-101 | B100: N | C100: Curved Track | D100: Standard | E100: N Curved Track R249mm 15° | F100: R249-15 | I100: 249 | J100: 15 | K100: 4 pcs | M100: 9.5 | N100: Curve R249 mm 15°. | O100: 15
A101: 20-110 | B101: N | C101: Curved Track | D101: Standard | E101: N Curved Track R282mm 45° | F101: R282-45 | I101: 282 | J101: 45 | K101: 4 pcs | M101: 11 | N101: Curve R282 mm 45°. | O101: 15
A102: 20-111 | B102: N | C102: Curved Track | D102: Standard | E102: N Curved Track R282mm 15° | F102: R282-15 | I102: 282 | J102: 15 | K102: 4 pcs | M102: 10.5 | N102: Curve R282 mm 15°. | O102: 15
A103: 20-120 | B103: N | C103: Curved Track | D103: Standard | E103: N Curved Track R315mm 45° | F103: R315-45 | I103: 315 | J103: 45 | K103: 4 pcs | M103: 11 | N103: Curve R315 mm 45° — BASE radius of all UNITRACK curves; included in Starter / Master sets. | O103: 15
...

Sheet Resumen
A1: KATO UNITRACK — Resumen del Catálogo
A3: Fuente | B3: us_unitrack_1-40_20251028 (KATO HO & N Track Catalog, 2023 MSRP)
A4: Total ítems | B4: =COUNTA('Catálogo Completo'!A2:A331) -> 330
A5: Ítems N scale | B5: =COUNTIF('Catálogo Completo'!B2:B331,"N") -> 224
A6: Ítems HO scale | B6: =COUNTIF('Catálogo Completo'!B2:B331,"HO") -> 61
A7: Ítems accesorios | B7: =COUNTIF('Catálogo Completo'!B2:B331,"Acc") -> 45
A8: Precio mínimo (USD) | B8: =MIN('Catálogo Completo'!M2:M331) -> 2
A9: Precio máximo (USD) | B9: =MAX('Catálogo Completo'!M2:M331) -> 420
A10: Precio promedio (USD) | B10: =AVERAGE('Catálogo Completo'!M2:M331) -> 51.778875
A11: Valor total catálogo (USD) | B11: =SUM('Catálogo Completo'!M2:M331) -> 17035.25
A14: Categoría | B14: Cantidad | C14: Subtotal USD
A15: Adjustment Track | B15: =COUNTIF('Catálogo Completo'!C2:C331,A15) -> 5 | C15: =SUMIF('Catálogo Completo'!C2:C331,A15,'Catálogo Completo'!M2:M331) -> 114.25
A16: Bridge | B16: =COUNTIF('Catálogo Completo'!C2:C331,A16) -> 29 | C16: =SUMIF('Catálogo Completo'!C2:C331,A16,'Catálogo Completo'!M2:M331) -> 484.5
A17: Bridge Set | B17: =COUNTIF('Catálogo Completo'!C2:C331,A17) -> 2 | C17: =SUMIF('Catálogo Completo'!C2:C331,A17,'Catálogo Completo'!M2:M331) -> 165
A18: Building | B18: =COUNTIF('Catálogo Completo'!C2:C331,A18) -> 1 | C18: =SUMIF('Catálogo Completo'!C2:C331,A18,'Catálogo Completo'!M2:M331) -> 59
A19: Bumper Track | B19: =COUNTIF('Catálogo Completo'!C2:C331,A19) -> 7 | C19: =SUMIF('Catálogo Completo'!C2:C331,A19,'Catálogo Completo'!M2:M331) -> 74.25
A20: Cable | B20: =COUNTIF('Catálogo Completo'!C2:C331,A20) -> 9 | C20: =SUMIF('Catálogo Completo'!C2:C331,A20,'Catálogo Completo'!M2:M331) -> 55.5
A21: Catenary Pole | B21: =COUNTIF('Catálogo Completo'!C2:C331,A21) -> 12 | C21: =SUMIF('Catálogo Completo'!C2:C331,A21,'Catálogo Completo'!M2:M331) -> 216.5
A22: Compact Set | B22: =COUNTIF('Catálogo Completo'!C2:C331,A22) -> 3 | C22: =SUMIF('Catálogo Completo'!C2:C331,A22,'Catálogo Completo'!M2:M331) -> 197
A23: Controller | B23: =COUNTIF('Catálogo Completo'!C2:C331,A23) -> 1 | C23: =SUMIF('Catálogo Completo'!C2:C331,A23,'Catálogo Completo'!M2:M331) -> 170
A24: Crossing | B24: =COUNTIF('Catálogo Completo'!C2:C331,A24) -> 7 | C24: =SUMIF('Catálogo Completo'!C2:C331,A24,'Catálogo Completo'!M2:M331) -> 382.5
A25: Crossover | B25: =COUNTIF('Catálogo Completo'!C2:C331,A25) -> 1 | C25: =SUMIF('Catálogo Completo'!C2:C331,A25,'Catálogo Completo'!M2:M331) -> 75
A26: Curved Track | B26: =COUNTIF('Catálogo Completo'!C2:C331,A26) -> 37 | C26: =SUMIF('Catálogo Completo'!C2:C331,A26,'Catálogo Completo'!M2:M331) -> 554
A27: Double Track | B27: =COUNTIF('Catálogo Completo'!C2:C331,A27) -> 14 | C27: =SUMIF('Catálogo Completo'!C2:C331,A27,'Catálogo Completo'!M2:M331) -> 205
A28: Feeder Track | B28: =COUNTIF('Catálogo Completo'!C2:C331,A28) -> 4 | C28: =SUMIF('Catálogo Completo'!C2:C331,A28,'Catálogo Completo'!M2:M331) -> 39.5
A29: Flexible Track | B29: =COUNTIF('Catálogo Completo'!C2:C331,A29) -> 3 | C29: =SUMIF('Catálogo Completo'!C2:C331,A29,'Catálogo Completo'!M2:M331) -> 26
A30: Hardware | B30: =COUNTIF('Catálogo Completo'!C2:C331,A30) -> 1 | C30: =SUMIF('Catálogo Completo'!C2:C331,A30,'Catálogo Completo'!M2:M331) -> 3.5
A31: Joiner | B31: =COUNTIF('Catálogo Completo'!C2:C331,A31) -> 11 | C31: =SUMIF('Catálogo Completo'!C2:C331,A31,'Catálogo Completo'!M2:M331) -> 61
A32: Master Set | B32: =COUNTIF('Catálogo Completo'!C2:C331,A32) -> 4 | C32: =SUMIF('Catálogo Completo'!C2:C331,A32,'Catálogo Completo'!M2:M331) -> 880
A33: Pier | B33: =COUNTIF('Catálogo Completo'!C2:C331,A33) -> 10 | C33: =SUMIF('Catálogo Completo'!C2:C331,A33,'Catálogo Completo'!M2:M331) -> 189
A34: Power | B34: =COUNTIF('Catálogo Completo'!C2:C331,A34) -> 4 | C34: =SUMIF('Catálogo Completo'!C2:C331,A34,'Catálogo Completo'!M2:M331) -> 41.75
A35: Power Pack | B35: =COUNTIF('Catálogo Completo'!C2:C331,A35) -> 1 | C35: =SUMIF('Catálogo Completo'!C2:C331,A35,'Catálogo Completo'!M2:M331) -> 80
A36: Power Supply | B36: =COUNTIF('Catálogo Completo'!C2:C331,A36) -> 3 | C36: =SUMIF('Catálogo Completo'!C2:C331,A36,'Catálogo Completo'!M2:M331) -> 93
A37: Rerailer | B37: =COUNTIF('Catálogo Completo'!C2:C331,A37) -> 1 | C37: =SUMIF('Catálogo Completo'!C2:C331,A37,'Catálogo Completo'!M2:M331) -> 5
A38: Roadbed | B38: =COUNTIF('Catálogo Completo'!C2:C331,A38) -> 2 | C38: =SUMIF('Catálogo Completo'!C2:C331,A38,'Catálogo Completo'!M2:M331) -> 26
A39: Signal | B39: =COUNTIF('Catálogo Completo'!C2:C331,A39) -> 2 | C39: =SUMIF('Catálogo Completo'!C2:C331,A39,'Catálogo Completo'!M2:M331) -> 140
A40: Signal Switch | B40: =COUNTIF('Catálogo Completo'!C2:C331,A40) -> 1 | C40: =SUMIF('Catálogo Completo'!C2:C331,A40,'Catálogo Completo'!M2:M331) -> 17
A41: Slab Track | B41: =COUNTIF('Catálogo Completo'!C2:C331,A41) -> 7 | C41: =SUMIF('Catálogo Completo'!C2:C331,A41,'Catálogo Completo'!M2:M331) -> 95.5
A42: Sound Box | B42: =COUNTIF('Catálogo Completo'!C2:C331,A42) -> 1 | C42: =SUMIF('Catálogo Completo'!C2:C331,A42,'Catálogo Completo'!M2:M331) -> 315
A43: Sound Card | B43: =COUNTIF('Catálogo Completo'!C2:C331,A43) -> 11 | C43: =SUMIF('Catálogo Completo'!C2:C331,A43,'Catálogo Completo'!M2:M331) -> 377
A44: Specialty | B44: =COUNTIF('Catálogo Completo'!C2:C331,A44) -> 1 | C44: =SUMIF('Catálogo Completo'!C2:C331,A44,'Catálogo Completo'!M2:M331) -> 7.5
A45: Specialty Track | B45: =COUNTIF('Catálogo Completo'!C2:C331,A45) -> 7 | C45: =SUMIF('Catálogo Completo'!C2:C331,A45,'Catálogo Completo'!M2:M331) -> 72.5
A46: Starter Set | B46: =COUNTIF('Catálogo Completo'!C2:C331,A46) -> 17 | C46: =SUMIF('Catálogo Completo'!C2:C331,A46,'Catálogo Completo'!M2:M331) -> 5440
A47: Straight Track | B47: =COUNTIF('Catálogo Completo'!C2:C331,A47) -> 22 | C47: =SUMIF('Catálogo Completo'!C2:C331,A47,'Catálogo Completo'!M2:M331) -> 280.5
A48: Switch | B48: =COUNTIF('Catálogo Completo'!C2:C331,A48) -> 3 | C48: =SUMIF('Catálogo Completo'!C2:C331,A48,'Catálogo Completo'!M2:M331) -> 63
A49: Turnout | B49: =COUNTIF('Catálogo Completo'!C2:C331,A49) -> 19 | C49: =SUMIF('Catálogo Completo'!C2:C331,A49,'Catálogo Completo'!M2:M331) -> 860
A50: Turntable | B50: =COUNTIF('Catálogo Completo'!C2:C331,A50) -> 5 | C50: =SUMIF('Catálogo Completo'!C2:C331,A50,'Catálogo Completo'!M2:M331) -> 497.5
A51: UNITRAM | B51: =COUNTIF('Catálogo Completo'!C2:C331,A51) -> 33 | C51: =SUMIF('Catálogo Completo'!C2:C331,A51,'Catálogo Completo'!M2:M331) -> 1870.5
A52: V-Series Set | B52: =COUNTIF('Catálogo Completo'!C2:C331,A52) -> 19 | C52: =SUMIF('Catálogo Completo'!C2:C331,A52,'Catálogo Completo'!M2:M331) -> 2645
A53: Viaduct Double | B53: =COUNTIF('Catálogo Completo'!C2:C331,A53) -> 5 | C53: =SUMIF('Catálogo Completo'!C2:C331,A53,'Catálogo Completo'!M2:M331) -> 103
A54: Viaduct Straight | B54: =COUNTIF('Catálogo Completo'!C2:C331,A54) -> 5 | C54: =SUMIF('Catálogo Completo'!C2:C331,A54,'Catálogo Completo'!M2:M331) -> 54

Sheet Glosario Abreviaturas
A1: Abreviatura | B1: Significado
A2: S### | B2: Straight Track + length in mm (e.g., S248 = 248 mm straight)
A3: R### | B3: Curved Track + radius in mm (e.g., R315 = 315 mm radius curve)
A4: R###-## | B4: Curve radius + angle (e.g., R315-45 = R315 mm × 45° curve)
A5: EP### | B5: Electric Turnout with radius (e.g., EP481 = electric turnout R481)
A6: HP### | B6: Manual Turnout with radius (e.g., HP867L = HO manual #6 left R867)
A7: X-L / X-R | B7: Crossing track with left/right angle
A8: W prefix (e.g., WS248) | B8: Double-track version of an item
A9: WS###PC | B9: Double-track concrete-tie straight
A10: WS###S | B10: Double-track slab roadbed straight
A11: WS###VS / WS###VPC | B11: Double-track viaduct straight
A12: WR###/### | B12: Double-track curve — outer/inner radius (e.g., WR414/381)
... A38: DCC | B38: Digital Command Control — multiple-train control on same track
